Player,Age,Team,Position,Games_played,Free_Throws,Total_Rebounds,Assists,Steals,Blocks,Fouls,Points
Joel Embiid,29.0,PHI,C,39.0,10.2,11.0,5.6,1.2,1.7,2.9,34.7
Luka DonÄiÄ,24.0,DAL,PG,70.0,6.8,9.2,9.8,1.4,0.5,2.1,33.9
Giannis Antetokounmpo,29.0,MIL,PF,73.0,7.0,11.5,6.5,1.2,1.1,2.9,30.4
Shai Gilgeous-Alexander,25.0,OKC,PG,75.0,7.6,5.5,6.2,2.0,0.9,2.5,30.1
Jalen Brunson,27.0,NYK,PG,77.0,5.5,3.6,6.7,0.9,0.2,1.9,28.7
Devin Booker,27.0,PHO,PG,68.0,6.0,4.5,6.9,0.9,0.4,3.0,27.1
Kevin Durant,35.0,PHO,PF,75.0,4.8,6.6,5.0,0.9,1.2,1.8,27.1
Jayson Tatum,25.0,BOS,PF,74.0,5.6,8.1,4.9,1.0,0.6,2.0,26.9
De'Aaron Fox,26.0,SAC,PG,74.0,4.2,4.6,5.6,2.0,0.4,2.6,26.6
Donovan Mitchell,27.0,CLE,SG,55.0,5.0,5.1,6.1,1.8,0.5,2.1,26.6
Stephen Curry,35.0,GSW,PG,74.0,4.0,4.5,5.1,0.7,0.4,1.6,26.4
Nikola JokiÄ,28.0,DEN,C,79.0,4.5,12.4,9.0,1.4,0.9,2.5,26.4
Anthony Edwards,22.0,MIN,SG,79.0,5.4,5.4,5.1,1.3,0.5,1.8,25.9
Tyrese Maxey,23.0,PHI,PG,70.0,4.7,3.7,6.2,1.0,0.5,2.2,25.9
LeBron James,39.0,LAL,PF,71.0,4.3,7.3,8.3,1.3,0.5,1.1,25.7
Trae Young,25.0,ATL,PG,54.0,6.4,2.8,10.8,1.3,0.2,2.0,25.7
Kyrie Irving,31.0,DAL,SG,58.0,3.3,5.0,5.2,1.3,0.5,1.9,25.6
Ja Morant,24.0,MEM,PG,9.0,5.8,5.6,8.1,0.8,0.6,2.1,25.1
Anthony Davis,30.0,LAL,C,76.0,5.5,12.6,3.5,1.2,2.3,2.3,24.7
Damian Lillard,33.0,MIL,PG,73.0,6.5,4.4,7.0,1.0,0.2,1.8,24.3
DeMar DeRozan,34.0,CHI,SF,79.0,6.6,4.3,5.3,1.1,0.6,2.0,24.0
Julius Randle,29.0,NYK,PF,46.0,5.1,9.2,5.0,0.5,0.3,2.7,24.0
LaMelo Ball,22.0,CHO,PG,22.0,4.1,5.1,8.0,1.8,0.2,3.6,23.9
Desmond Bane,25.0,MEM,SG,42.0,3.3,4.4,5.5,1.0,0.5,2.9,23.7
Kawhi Leonard,32.0,LAC,SF,68.0,3.7,6.1,3.6,1.6,0.9,1.4,23.7
Lauri Markkanen,26.0,UTA,PF,55.0,4.5,8.2,2.0,0.9,0.5,1.8,23.2
Jaylen Brown,27.0,BOS,SF,70.0,3.0,5.5,3.6,1.2,0.5,2.6,23.0
Zion Williamson,23.0,NOP,PF,70.0,5.0,5.8,5.0,1.1,0.7,2.3,22.9
Cade Cunningham,22.0,DET,PG,62.0,3.8,4.3,7.5,0.9,0.4,2.5,22.7
Paolo Banchero,21.0,ORL,PF,80.0,5.1,6.9,5.4,0.9,0.6,1.9,22.6
Paul George,33.0,LAC,PF,74.0,3.6,5.2,3.5,1.5,0.5,2.7,22.6
Anfernee Simons,24.0,POR,SG,46.0,3.5,3.6,5.5,0.5,0.1,2.1,22.6
Jaren Jackson Jr.,24.0,MEM,C,66.0,5.1,5.5,2.3,1.2,1.6,3.6,22.5
Dejounte Murray,27.0,ATL,SG,78.0,2.7,5.3,6.4,1.4,0.3,1.8,22.5
Cam Thomas,22.0,BRK,SG,66.0,4.3,3.2,2.9,0.7,0.2,2.1,22.5
Kyle Kuzma,28.0,WAS,PF,70.0,2.7,6.6,4.2,0.5,0.7,2.2,22.2
Karl-Anthony Towns,28.0,MIN,PF,62.0,4.1,8.3,3.0,0.7,0.7,3.3,21.8
Pascal Siakam,29.0,2TM,PF,80.0,3.6,7.1,4.3,0.8,0.3,2.4,21.7
Pascal Siakam,29.0,TOR,PF,39.0,4.3,6.3,4.9,0.8,0.3,2.2,22.2
Pascal Siakam,29.0,IND,PF,41.0,3.0,7.8,3.7,0.8,0.4,2.6,21.3
Victor Wembanyama,20.0,SAS,C,71.0,4.1,10.6,3.9,1.2,3.6,2.2,21.4
Jamal Murray,26.0,DEN,PG,59.0,2.7,4.1,6.5,1.0,0.7,1.8,21.2
Alperen Sengun,21.0,HOU,C,63.0,3.9,9.3,5.0,1.2,0.7,3.3,21.1
Miles Bridges,25.0,CHO,SF,69.0,2.5,7.3,3.3,0.9,0.5,1.7,21.0
Jerami Grant,29.0,POR,PF,54.0,4.7,3.5,2.8,0.8,0.6,2.2,21.0
Jimmy Butler,34.0,MIA,PF,60.0,6.6,5.3,5.0,1.3,0.3,1.1,20.8
Tyler Herro,24.0,MIA,SG,42.0,2.3,5.3,4.5,0.7,0.1,1.5,20.8
Brandon Ingram,26.0,NOP,SF,64.0,3.8,5.1,5.7,0.8,0.6,2.3,20.8
RJ Barrett,23.0,2TM,SG,58.0,3.6,5.4,3.3,0.5,0.4,2.2,20.2
RJ Barrett,23.0,NYK,SG,26.0,4.0,4.3,2.4,0.5,0.3,1.7,18.2
RJ Barrett,23.0,TOR,SG,32.0,3.3,6.4,4.1,0.6,0.4,2.6,21.8
Tyrese Haliburton,23.0,IND,PG,69.0,2.8,3.9,10.9,1.2,0.7,1.1,20.1
Kristaps PorziÅÄ£is,28.0,BOS,C,57.0,4.5,7.2,2.0,0.7,1.9,2.7,20.1
CJ McCollum,32.0,NOP,PG,66.0,1.7,4.3,4.6,0.9,0.6,1.9,20.0
Scottie Barnes,22.0,TOR,SG,60.0,3.3,8.2,6.1,1.3,1.5,2.0,19.9
Terry Rozier,29.0,2TM,SG,61.0,2.8,4.0,5.6,1.0,0.3,1.7,19.8
Terry Rozier,29.0,CHO,SG,30.0,3.6,3.9,6.6,1.1,0.4,1.7,23.2
Terry Rozier,29.0,MIA,PG,31.0,2.0,4.2,4.6,1.0,0.3,1.6,16.4
Franz Wagner,22.0,ORL,SF,72.0,3.8,5.3,3.7,1.1,0.4,2.3,19.7
Mikal Bridges,27.0,BRK,SF,82.0,3.1,4.5,3.6,1.0,0.4,1.4,19.6
Jalen Green,21.0,HOU,SG,82.0,3.5,5.2,3.5,0.8,0.3,1.4,19.6
Zach LaVine,28.0,CHI,SG,25.0,3.5,5.2,3.9,0.8,0.3,2.3,19.5
Devin Vassell,23.0,SAS,SG,68.0,2.4,3.8,4.1,1.1,0.3,1.1,19.5
Domantas Sabonis,27.0,SAC,C,82.0,3.6,13.7,8.2,0.9,0.6,3.0,19.4
Bam Adebayo,26.0,MIA,C,71.0,4.1,10.4,3.9,1.1,0.9,2.2,19.3
Coby White,23.0,CHI,PG,79.0,2.8,4.5,5.1,0.7,0.2,2.4,19.1
Jalen Williams,22.0,OKC,PF,71.0,2.5,4.0,4.5,1.1,0.6,2.5,19.1
Collin Sexton,25.0,UTA,SG,78.0,4.1,2.6,4.9,0.8,0.2,2.0,18.7
Bradley Beal,30.0,PHO,SG,53.0,2.1,4.4,5.0,1.0,0.5,2.4,18.2
Darius Garland,24.0,CLE,PG,57.0,2.6,2.7,6.5,1.3,0.1,1.7,18.0
D'Angelo Russell,27.0,LAL,PG,76.0,2.1,3.1,6.3,0.9,0.5,2.1,18.0
Nikola VuÄeviÄ,33.0,CHI,C,76.0,1.4,10.5,3.3,0.7,0.8,2.5,18.0
Klay Thompson,33.0,GSW,SF,77.0,1.6,3.3,2.3,0.6,0.5,1.6,17.9
Jordan Poole,24.0,WAS,SG,78.0,2.5,2.7,4.4,1.1,0.3,3.1,17.4
Fred VanVleet,29.0,HOU,PG,73.0,2.7,3.8,8.1,1.4,0.8,2.5,17.4
Brandon Miller,21.0,CHO,SF,74.0,1.9,4.3,2.4,0.9,0.6,2.5,17.3
Tobias Harris,31.0,PHI,PF,70.0,2.7,6.5,3.1,1.0,0.7,1.6,17.2
Jordan Clarkson,31.0,UTA,SG,55.0,3.2,3.4,5.0,0.6,0.1,1.5,17.1
Myles Turner,27.0,IND,C,77.0,3.2,6.9,1.3,0.5,1.9,3.0,17.1
Immanuel Quickley,24.0,2TM,SG,68.0,3.1,3.8,4.9,0.7,0.1,1.8,17.0
Immanuel Quickley,24.0,NYK,SG,30.0,2.7,2.6,2.5,0.5,0.1,1.5,15.0
Immanuel Quickley,24.0,TOR,PG,38.0,3.3,4.8,6.8,0.9,0.2,2.0,18.6
Bogdan BogdanoviÄ,31.0,ATL,SG,79.0,1.9,3.4,3.1,1.2,0.3,2.3,16.9
Deandre Ayton,25.0,POR,C,55.0,1.2,11.1,1.6,1.0,0.8,2.0,16.7
Michael Porter Jr.,25.0,DEN,SF,81.0,1.1,7.0,1.5,0.5,0.7,1.8,16.7
James Harden,34.0,LAC,PG,72.0,4.2,5.1,8.5,1.1,0.8,1.8,16.6
Jarrett Allen,25.0,CLE,C,77.0,3.0,10.5,2.7,0.7,1.1,1.9,16.5
Chet Holmgren,21.0,OKC,C,82.0,2.7,7.9,2.4,0.6,2.3,2.4,16.5
Jonathan Kuminga,21.0,GSW,PF,74.0,3.0,4.8,2.2,0.7,0.5,2.3,16.1
Jalen Johnson,22.0,ATL,SF,56.0,1.9,8.7,3.6,1.2,0.8,2.4,16.0
Austin Reaves,25.0,LAL,SG,82.0,2.8,4.3,5.5,0.8,0.3,1.9,15.9
Shaedon Sharpe,20.0,POR,SG,32.0,3.1,5.0,2.9,0.9,0.4,2.8,15.9
Malcolm Brogdon,31.0,POR,PG,39.0,2.4,3.8,5.5,0.7,0.2,1.5,15.7
Keldon Johnson,24.0,SAS,SF,69.0,2.5,5.5,2.8,0.7,0.3,2.2,15.7
Evan Mobley,22.0,CLE,PF,50.0,2.5,9.4,3.2,0.9,1.4,2.7,15.7
De'Andre Hunter,26.0,ATL,SF,57.0,2.9,3.9,1.5,0.7,0.3,2.6,15.6
Donte DiVincenzo,27.0,NYK,SG,81.0,1.1,3.7,2.7,1.3,0.4,2.0,15.5
Jaden Ivey,21.0,DET,SG,77.0,2.9,3.4,3.8,0.7,0.5,2.6,15.4
Malik Monk,25.0,SAC,SG,72.0,2.4,2.9,5.1,0.6,0.5,2.2,15.4
Kelly Oubre Jr.,28.0,PHI,SF,68.0,2.6,5.0,1.5,1.1,0.7,2.9,15.4
Bojan BogdanoviÄ,34.0,2TM,PF,57.0,2.1,2.7,1.7,0.5,0.1,1.7,15.2
Bojan BogdanoviÄ,34.0,DET,PF,28.0,2.9,3.4,2.5,0.8,0.1,2.0,20.2
Bojan BogdanoviÄ,34.0,NYK,SF,29.0,1.2,2.0,0.9,0.2,0.0,1.3,10.4
Keegan Murray,23.0,SAC,SF,77.0,1.3,5.5,1.7,1.0,0.8,2.7,15.2
Derrick White,29.0,BOS,SG,73.0,1.9,4.2,5.2,1.0,1.2,2.1,15.2
John Collins,26.0,UTA,PF,68.0,2.2,8.5,1.1,0.6,0.9,2.8,15.1
Khris Middleton,32.0,MIL,SF,55.0,1.8,4.7,5.3,0.9,0.3,2.6,15.1
Trey Murphy III,23.0,NOP,SF,57.0,2.2,4.9,2.2,0.9,0.5,1.2,14.8
OG Anunoby,26.0,2TM,SF,50.0,1.3,4.2,2.1,1.4,0.7,2.4,14.7
OG Anunoby,26.0,TOR,SF,27.0,1.2,3.9,2.7,1.0,0.5,2.3,15.1
OG Anunoby,26.0,NYK,SF,23.0,1.5,4.4,1.5,1.7,1.0,2.5,14.1
Deni Avdija,23.0,WAS,SF,75.0,2.7,7.2,3.8,0.8,0.5,2.5,14.7
GG Jackson II,19.0,MEM,PF,48.0,2.4,4.1,1.2,0.6,0.5,1.3,14.6
Bennedict Mathurin,21.0,IND,SF,59.0,3.1,4.0,2.0,0.6,0.2,2.0,14.5
Marcus Smart,29.0,MEM,PG,20.0,2.2,2.7,4.3,2.1,0.3,2.7,14.5
Tim Hardaway Jr.,31.0,DAL,SF,79.0,1.8,3.2,1.8,0.5,0.1,1.3,14.4
Dennis SchrÃ¶der,30.0,2TM,PG,80.0,2.2,3.0,6.1,0.8,0.2,2.1,14.0
Dennis SchrÃ¶der,30.0,TOR,PG,51.0,2.5,2.7,6.1,0.9,0.2,2.1,13.7
Dennis SchrÃ¶der,30.0,BRK,PG,29.0,1.8,3.5,6.0,0.6,0.3,2.0,14.6
Rudy Gobert,31.0,MIN,C,76.0,3.3,12.9,1.3,0.7,2.1,3.1,14.0
Scoot Henderson,19.0,POR,PG,62.0,2.7,3.1,5.4,0.8,0.2,3.1,14.0
Caris LeVert,29.0,CLE,SG,68.0,2.3,4.1,5.1,1.1,0.5,1.8,14.0
Aaron Gordon,28.0,DEN,PF,73.0,2.4,6.5,3.5,0.8,0.6,1.9,13.9
Norman Powell,30.0,LAC,SG,76.0,1.9,2.6,1.1,0.6,0.3,1.8,13.9
Jalen Duren,20.0,DET,C,61.0,2.3,11.6,2.4,0.5,0.8,3.1,13.8
Bobby Portis,28.0,MIL,PF,82.0,1.2,7.4,1.3,0.8,0.4,2.3,13.8
Saddiq Bey,24.0,ATL,SF,63.0,2.7,6.5,1.5,0.8,0.2,1.4,13.7
Jabari Smith Jr.,20.0,HOU,PF,76.0,2.0,8.1,1.6,0.7,0.8,2.6,13.7
Gary Trent Jr.,25.0,TOR,SG,71.0,1.0,2.6,1.7,1.1,0.1,1.4,13.7
Rui Hachimura,25.0,LAL,PF,68.0,1.5,4.3,1.2,0.6,0.4,1.5,13.6
Grayson Allen,28.0,PHO,SG,75.0,1.7,3.9,3.0,0.9,0.6,2.1,13.5
Naz Reid,24.0,MIN,C,81.0,1.3,5.2,1.3,0.8,0.9,2.1,13.5
Cameron Johnson,27.0,BRK,PF,58.0,1.5,4.3,2.4,0.8,0.3,1.8,13.4
Corey Kispert,24.0,WAS,SF,80.0,1.4,2.8,2.0,0.5,0.2,1.8,13.4
Andrew Wiggins,28.0,GSW,SF,71.0,2.0,4.5,1.7,0.6,0.6,2.1,13.2
Keyonte George,20.0,UTA,PG,75.0,2.5,2.8,4.4,0.5,0.1,1.2,13.0
P.J. Washington,25.0,2TM,PF,73.0,1.4,5.6,1.9,1.0,0.8,2.3,12.9
P.J. Washington,25.0,CHO,PF,44.0,1.5,5.3,2.2,0.9,0.7,2.5,13.6
P.J. Washington,25.0,DAL,PF,29.0,1.1,6.2,1.5,1.2,0.9,2.0,11.7
Scotty Pippen Jr.,23.0,MEM,PG,21.0,2.0,3.2,4.7,1.7,0.5,2.9,12.9
Duncan Robinson,29.0,MIA,SF,68.0,1.2,2.5,2.8,0.7,0.2,2.4,12.9
Dillon Brooks,28.0,HOU,SF,72.0,1.7,3.4,1.7,0.9,0.1,3.3,12.7
Mark Williams,22.0,CHO,C,19.0,2.4,9.7,1.2,0.8,1.1,2.6,12.7
Jalen Suggs,22.0,ORL,SG,75.0,1.6,3.1,2.7,1.4,0.6,2.7,12.6
Jrue Holiday,33.0,BOS,PG,69.0,0.9,5.4,4.8,0.9,0.8,1.6,12.5
Brook Lopez,35.0,MIL,C,79.0,1.4,5.2,1.6,0.5,2.4,2.4,12.5
Josh Giddey,21.0,OKC,SG,80.0,1.3,6.4,4.8,0.6,0.6,1.4,12.3
Cam Whitmore,19.0,HOU,SF,47.0,1.6,3.8,0.7,0.6,0.4,1.4,12.3
Harrison Barnes,31.0,SAC,PF,82.0,1.9,3.0,1.2,0.7,0.1,1.2,12.2
Ayo Dosunmu,24.0,CHI,SG,76.0,1.1,2.8,3.2,0.9,0.5,2.2,12.2
Javonte Green,30.0,CHI,SF,9.0,1.1,7.4,0.6,1.1,0.9,2.1,12.2
Aaron Nesmith,24.0,IND,SF,72.0,1.5,3.8,1.5,0.9,0.7,3.3,12.2
Max Strus,27.0,CLE,SF,70.0,1.1,4.8,4.0,0.9,0.4,2.4,12.2
Jonas ValanÄiÅ«nas,31.0,NOP,C,82.0,2.0,8.8,2.1,0.4,0.8,2.7,12.2
Buddy Hield,31.0,2TM,SF,84.0,0.6,3.2,2.8,0.8,0.5,2.0,12.1
Buddy Hield,31.0,IND,SF,52.0,0.5,3.2,2.7,0.8,0.6,2.0,12.0
Buddy Hield,31.0,PHI,SG,32.0,0.8,3.2,3.0,0.8,0.3,2.1,12.2
Tyus Jones,27.0,WAS,PG,66.0,0.5,2.7,7.3,1.1,0.3,0.7,12.0
Jaime Jaquez Jr.,22.0,MIA,SF,75.0,1.9,3.8,2.6,1.0,0.3,2.2,11.9
Nic Claxton,24.0,BRK,C,71.0,1.5,9.9,2.1,0.6,2.1,2.5,11.8
Marvin Bagley III,24.0,2TM,C,50.0,1.9,6.2,1.1,0.4,0.7,1.6,11.7
Marvin Bagley III,24.0,DET,C,26.0,1.9,4.5,1.0,0.2,0.5,1.5,10.2
Marvin Bagley III,24.0,WAS,C,24.0,1.9,8.1,1.2,0.6,0.8,1.7,13.3
Ivica Zubac,26.0,LAC,C,68.0,1.8,9.2,1.4,0.3,1.2,2.6,11.7
Cole Anthony,23.0,ORL,PG,81.0,2.2,3.8,2.9,0.8,0.5,2.2,11.6
Jeremy Sochan,20.0,SAS,PF,74.0,1.5,6.4,3.4,0.8,0.5,2.3,11.6
Clint Capela,29.0,ATL,C,73.0,1.8,10.6,1.2,0.6,1.5,2.2,11.5
Mike Conley,36.0,MIN,PG,76.0,1.3,2.9,5.9,1.2,0.2,1.7,11.4
Malik Beasley,27.0,MIL,SG,79.0,0.3,3.7,1.4,0.7,0.1,2.0,11.3
Brandon Clarke,27.0,MEM,PF,6.0,0.2,5.3,1.5,0.8,1.0,1.3,11.3
Zach Collins,26.0,SAS,C,69.0,1.8,5.4,2.8,0.5,0.8,3.0,11.2
De'Anthony Melton,25.0,PHI,SG,38.0,1.7,3.7,3.0,1.6,0.4,2.2,11.1
Jakob Poeltl,28.0,TOR,C,50.0,1.2,8.6,2.5,0.7,1.5,3.0,11.1
Russell Westbrook,35.0,LAC,PG,68.0,1.6,5.0,4.5,1.1,0.3,1.8,11.1
Daniel Gafford,25.0,2TM,PF,74.0,1.6,7.6,1.6,0.9,2.1,3.1,11.0
Daniel Gafford,25.0,WAS,C,45.0,1.9,8.0,1.5,1.0,2.2,3.3,10.9
Daniel Gafford,25.0,DAL,PF,29.0,1.2,6.9,1.6,0.7,1.9,2.8,11.2
Wendell Carter Jr.,24.0,ORL,C,55.0,1.7,6.9,1.7,0.6,0.5,2.2,11.0
Eric Gordon,35.0,PHO,SG,68.0,0.8,1.8,2.0,1.0,0.4,1.2,11.0
Herbert Jones,25.0,NOP,SF,76.0,1.8,3.6,2.6,1.4,0.8,2.9,11.0
Luke Kennard,27.0,MEM,SG,39.0,1.0,2.9,3.5,0.5,0.1,1.0,11.0
Luguentz Dort,24.0,OKC,SF,79.0,1.6,3.6,1.4,0.9,0.6,2.9,10.9
Jusuf NurkiÄ,29.0,PHO,C,76.0,2.2,11.0,4.0,1.1,1.1,3.3,10.9
Isaiah Stewart,22.0,DET,PF,46.0,1.4,6.6,1.6,0.4,0.8,2.2,10.9
Moritz Wagner,26.0,ORL,C,80.0,2.1,4.3,1.2,0.5,0.3,2.0,10.9
Bruce Brown,27.0,2TM,SG,67.0,1.7,4.2,2.9,0.9,0.3,2.2,10.8
Bruce Brown,27.0,IND,SG,33.0,2.0,4.7,3.0,1.1,0.2,2.5,12.1
Bruce Brown,27.0,TOR,PG,34.0,1.5,3.8,2.7,0.7,0.3,2.0,9.6
Jake LaRavia,22.0,MEM,PF,35.0,2.6,3.7,1.7,0.8,0.3,2.0,10.8
Santi Aldama,23.0,MEM,PF,61.0,0.9,5.8,2.3,0.7,0.9,1.5,10.7
Simone Fontecchio,28.0,2TM,SF,66.0,0.8,3.7,1.5,0.7,0.3,1.7,10.5
Simone Fontecchio,28.0,UTA,SF,50.0,0.6,3.5,1.5,0.6,0.4,1.6,8.9
Simone Fontecchio,28.0,DET,SF,16.0,1.4,4.4,1.8,0.9,0.3,1.8,15.4
Spencer Dinwiddie,30.0,2TM,PG,76.0,2.2,2.7,4.7,0.7,0.3,1.8,10.5
Spencer Dinwiddie,30.0,BRK,PG,48.0,2.6,3.3,6.0,0.8,0.2,1.8,12.6
Spencer Dinwiddie,30.0,LAL,PG,28.0,1.6,1.7,2.4,0.5,0.5,1.9,6.8
Jaden McDaniels,23.0,MIN,SF,72.0,0.8,3.1,1.4,0.9,0.6,3.0,10.5
Alec Burks,32.0,2TM,SG,66.0,2.2,2.3,1.3,0.4,0.2,1.1,10.4
Alec Burks,32.0,DET,SG,43.0,2.8,2.6,1.6,0.5,0.3,1.5,12.6
Alec Burks,32.0,NYK,SG,23.0,1.0,1.7,0.9,0.3,0.0,0.5,6.5
Dalano Banton,24.0,2TM,PG,54.0,1.7,3.3,2.4,0.6,0.4,1.2,10.3
Dalano Banton,24.0,BOS,PG,24.0,0.7,1.5,0.8,0.2,0.1,0.8,2.3
Dalano Banton,24.0,POR,PG,30.0,2.6,4.8,3.6,0.9,0.6,1.5,16.7
Grant Williams,25.0,2TM,PF,76.0,1.4,4.2,2.3,0.6,0.5,3.0,10.3
Grant Williams,25.0,DAL,PF,47.0,0.9,3.6,1.7,0.5,0.6,2.9,8.1
Grant Williams,25.0,CHO,PF,29.0,2.2,5.1,3.2,0.7,0.4,3.1,13.9
Obi Toppin,25.0,IND,PF,82.0,0.9,3.9,1.6,0.6,0.5,1.7,10.3
Kevin Huerter,25.0,SAC,SG,64.0,0.6,3.5,2.6,0.7,0.4,2.1,10.2
Reggie Jackson,33.0,DEN,PG,82.0,1.0,1.9,3.8,0.5,0.2,1.8,10.2
T.J. McConnell,31.0,IND,PG,71.0,0.7,2.7,5.5,1.0,0.1,1.1,10.2
Onyeka Okongwu,23.0,ATL,C,55.0,1.7,6.8,1.3,0.5,1.1,2.9,10.2
Kentavious Caldwell-Pope,30.0,DEN,SG,76.0,1.3,2.4,2.4,1.3,0.6,2.0,10.1
Alex Caruso,29.0,CHI,SG,71.0,1.0,3.8,3.5,1.7,1.0,2.5,10.1
Talen Horton-Tucker,23.0,UTA,PG,51.0,1.7,2.4,3.5,0.9,0.4,1.8,10.1
Tre Jones,24.0,SAS,PG,77.0,1.3,3.8,6.2,1.0,0.1,1.2,10.0
Caleb Martin,28.0,MIA,SF,64.0,1.2,4.4,2.2,0.7,0.5,2.0,10.0
Patrick Williams,22.0,CHI,PF,43.0,1.2,3.9,1.5,0.9,0.8,2.0,10.0
Vince Williams Jr.,23.0,MEM,SG,52.0,2.0,5.6,3.4,0.9,0.7,2.6,10.0
Josh Richardson,30.0,MIA,SG,43.0,1.2,2.8,2.4,0.6,0.3,1.8,9.9
Jalen Smith,23.0,IND,C,61.0,1.2,5.5,1.0,0.3,0.6,2.0,9.9
Gordon Hayward,33.0,2TM,SF,51.0,1.7,3.5,3.1,0.8,0.3,1.3,9.8
Gordon Hayward,33.0,CHO,SF,25.0,2.5,4.7,4.6,1.1,0.5,1.8,14.5
Gordon Hayward,33.0,OKC,SF,26.0,1.0,2.5,1.6,0.5,0.0,0.8,5.3
Kelly Olynyk,32.0,2TM,C,78.0,1.9,5.3,4.4,0.9,0.4,2.9,9.8
Kelly Olynyk,32.0,UTA,C,50.0,1.6,5.1,4.4,0.7,0.2,2.6,8.1
Kelly Olynyk,32.0,TOR,C,28.0,2.5,5.6,4.6,1.3,0.6,3.5,12.7
Tari Eason,22.0,HOU,PF,22.0,1.0,7.0,1.2,1.4,0.9,2.3,9.8
Nick Richards,26.0,CHO,C,67.0,2.0,8.0,0.8,0.4,1.1,2.6,9.7
Lonnie Walker IV,25.0,BRK,SG,58.0,0.8,2.2,1.3,0.6,0.3,1.2,9.7
Payton Pritchard,26.0,BOS,PG,82.0,0.6,3.2,3.4,0.5,0.1,1.3,9.6
Amen Thompson,21.0,HOU,SF,62.0,1.7,6.6,2.6,1.3,0.6,2.3,9.5
Josh Hart,28.0,NYK,SF,81.0,1.1,8.3,4.1,0.9,0.3,2.1,9.4
Georges Niang,30.0,CLE,PF,82.0,0.6,3.4,1.2,0.4,0.2,2.3,9.4
Isaac Okoro,23.0,CLE,SF,69.0,1.3,3.0,1.9,0.8,0.5,2.0,9.4
Tre Mann,22.0,2TM,PG,41.0,1.1,3.6,4.0,1.2,0.1,1.2,9.3
Tre Mann,22.0,OKC,PG,13.0,0.1,1.8,1.5,0.2,0.0,0.2,3.8
Tre Mann,22.0,CHO,PG,28.0,1.6,4.5,5.2,1.7,0.1,1.6,11.9
Malaki Branham,20.0,SAS,PG,75.0,0.7,2.0,2.1,0.4,0.1,1.3,9.2
Andrew Nembhard,24.0,IND,PG,68.0,0.7,2.1,4.1,0.9,0.1,2.1,9.2
Chris Paul,38.0,GSW,PG,58.0,0.7,3.9,6.8,1.2,0.1,1.9,9.2
Brandin Podziemski,20.0,GSW,SG,74.0,0.7,5.8,3.7,0.8,0.2,1.6,9.2
Duop Reath,27.0,POR,C,68.0,1.0,3.7,1.0,0.5,0.6,2.4,9.1
Sam Hauser,26.0,BOS,SF,79.0,0.2,3.5,1.0,0.5,0.3,1.3,9.0
Taurean Prince,29.0,LAL,PF,78.0,0.6,2.9,1.5,0.7,0.4,1.9,8.9
Jabari Walker,21.0,POR,SF,72.0,1.8,7.1,1.0,0.6,0.3,2.4,8.9
Dereck Lively II,19.0,DAL,C,55.0,0.7,6.9,1.1,0.7,1.4,2.6,8.8
Kevin Love,35.0,MIA,PF,55.0,1.5,6.1,2.1,0.3,0.2,1.8,8.8
Terance Mann,27.0,LAC,SG,75.0,1.1,3.4,1.6,0.6,0.2,1.9,8.8
Ausar Thompson,21.0,DET,SF,63.0,1.1,6.4,1.9,1.1,0.9,2.8,8.8
Draymond Green,33.0,GSW,PF,55.0,1.0,7.2,6.0,1.0,0.9,3.0,8.6
Al Horford,37.0,BOS,C,65.0,0.4,6.4,2.6,0.6,1.0,1.4,8.6
Derrick Jones Jr.,26.0,DAL,SF,76.0,1.3,3.3,1.0,0.7,0.7,1.6,8.6
Gradey Dick,20.0,TOR,SG,60.0,0.7,2.2,1.1,0.6,0.0,1.5,8.5
Dorian Finney-Smith,30.0,BRK,PF,68.0,0.5,4.7,1.6,0.8,0.6,2.2,8.5
Tristan Vukcevic,20.0,WAS,C,10.0,1.7,3.6,1.3,0.5,0.7,2.8,8.5
Bilal Coulibaly,19.0,WAS,SF,63.0,1.5,4.1,1.7,0.9,0.8,2.2,8.4
Andre Drummond,30.0,CHI,C,79.0,1.6,9.0,0.5,0.9,0.6,1.8,8.4
Miles McBride,23.0,NYK,PG,68.0,0.6,1.5,1.7,0.7,0.1,1.6,8.3
Marcus Sasser,23.0,DET,PG,71.0,0.8,1.8,3.3,0.6,0.2,1.5,8.3
Josh Green,23.0,DAL,SG,57.0,0.7,3.2,2.3,0.8,0.2,1.9,8.2
Isaiah Joe,24.0,OKC,SG,78.0,0.6,2.3,1.3,0.6,0.3,1.1,8.2
Ziaire Williams,22.0,MEM,SF,51.0,1.2,3.5,1.5,0.7,0.2,1.7,8.2
Kyle Lowry,37.0,2TM,PG,60.0,1.1,3.2,4.2,1.0,0.4,2.4,8.1
Kyle Lowry,37.0,MIA,PG,37.0,0.9,3.5,4.0,1.1,0.4,2.5,8.2
Kyle Lowry,37.0,PHI,PG,23.0,1.2,2.8,4.6,0.9,0.3,2.3,8.0
Walker Kessler,22.0,UTA,C,64.0,0.9,7.5,0.9,0.5,2.4,2.1,8.1
Moses Moody,21.0,GSW,SG,66.0,1.1,3.0,0.9,0.6,0.4,1.4,8.1
Nickeil Alexander-Walker,25.0,MIN,SG,82.0,0.6,2.0,2.5,0.8,0.5,1.7,8.0
Sam Merrill,27.0,CLE,SG,61.0,0.4,2.0,1.8,0.3,0.1,1.2,8.0
Derrick Rose,35.0,MEM,PG,24.0,1.0,1.9,3.3,0.3,0.1,0.9,8.0
Dario Å ariÄ,29.0,GSW,C,64.0,1.2,4.4,2.3,0.5,0.2,1.8,8.0
Trayce Jackson-Davis,23.0,GSW,PF,68.0,1.1,5.0,1.2,0.4,1.1,1.6,7.9
Dante Exum,28.0,DAL,PG,55.0,1.0,2.7,2.9,0.4,0.1,1.5,7.8
Markelle Fultz,25.0,ORL,PG,43.0,0.5,3.2,2.8,1.0,0.3,1.5,7.8
Isaiah Hartenstein,25.0,NYK,C,75.0,1.5,8.3,2.5,1.2,1.1,2.8,7.8
Jordan Hawkins,21.0,NOP,SG,67.0,1.0,2.2,1.0,0.3,0.1,1.1,7.8
Royce O'Neale,30.0,2TM,SF,79.0,0.3,4.8,2.8,0.7,0.6,2.2,7.7
Royce O'Neale,30.0,BRK,SF,49.0,0.3,4.5,2.8,0.7,0.6,2.4,7.4
Royce O'Neale,30.0,PHO,SF,30.0,0.3,5.2,2.7,0.9,0.5,1.8,8.1
RaiQuan Gray,24.0,SAS,PF,3.0,0.0,2.3,2.0,0.3,0.3,0.0,7.7
Nikola JoviÄ,20.0,MIA,PF,46.0,0.7,4.2,2.0,0.5,0.3,1.8,7.7
Precious Achiuwa,24.0,2TM,PF,74.0,0.9,6.6,1.3,0.6,0.9,1.9,7.6
Precious Achiuwa,24.0,TOR,C,25.0,1.0,5.4,1.8,0.6,0.5,1.6,7.7
Precious Achiuwa,24.0,NYK,PF,49.0,0.9,7.2,1.1,0.6,1.1,2.1,7.6
Toumani Camara,23.0,POR,PF,70.0,1.1,4.9,1.2,0.9,0.5,2.5,7.5
Cody Martin,28.0,CHO,SF,28.0,0.7,3.9,3.7,1.1,0.6,1.7,7.5
Brice Sensabaugh,20.0,UTA,SF,32.0,1.2,3.2,1.7,0.4,0.2,1.3,7.5
Cameron Payne,29.0,2TM,PG,78.0,0.7,1.5,2.6,0.5,0.1,1.6,7.4
Cameron Payne,29.0,MIL,PG,47.0,0.8,1.3,2.3,0.5,0.1,1.6,6.2
Cameron Payne,29.0,PHI,PG,31.0,0.7,1.8,3.1,0.6,0.3,1.7,9.3
Christian Braun,22.0,DEN,SG,82.0,1.1,3.7,1.6,0.5,0.4,1.7,7.3
Jaden Hardy,21.0,DAL,SG,73.0,0.8,1.8,1.5,0.3,0.1,1.1,7.3
Taylor Hendricks,20.0,UTA,PF,40.0,0.6,4.6,0.8,0.7,0.8,1.9,7.3
Paul Reed,24.0,PHI,C,82.0,0.7,6.0,1.3,0.8,1.0,2.4,7.3
Lamar Stevens,26.0,2TM,PF,38.0,1.1,3.3,0.7,0.6,0.6,1.2,7.2
Lamar Stevens,26.0,BOS,PF,19.0,0.4,1.6,0.4,0.3,0.3,0.7,2.8
Lamar Stevens,26.0,MEM,PF,19.0,1.8,5.1,1.1,0.9,0.9,1.6,11.5
Johnny Juzang,22.0,UTA,SG,20.0,0.5,1.8,1.2,0.2,0.1,1.5,7.2
Kevin Knox,24.0,DET,SF,31.0,0.6,2.4,0.7,0.4,0.2,1.6,7.2
Trey Lyles,28.0,SAC,PF,58.0,0.8,4.4,1.2,0.3,0.3,1.5,7.2
Jose Alvarado,25.0,NOP,PG,56.0,0.6,2.3,2.1,1.1,0.3,1.6,7.1
Naji Marshall,26.0,NOP,SF,66.0,1.0,3.6,1.9,0.7,0.2,1.4,7.1
Landry Shamet,26.0,WAS,SG,46.0,0.8,1.3,1.2,0.5,0.2,1.7,7.1
James Wiseman,22.0,DET,C,63.0,1.1,5.3,0.9,0.2,0.6,2.2,7.1
Vasilije MiciÄ,30.0,2TM,PG,60.0,1.0,1.5,4.4,0.5,0.1,1.1,7.0
Vasilije MiciÄ,30.0,OKC,PG,30.0,0.5,0.8,2.5,0.3,0.1,0.7,3.3
Vasilije MiciÄ,30.0,CHO,PG,30.0,1.6,2.1,6.2,0.7,0.1,1.5,10.8
Jordan Nwora,25.0,2TM,SF,52.0,0.8,2.9,1.2,0.5,0.3,0.9,7.0
Jordan Nwora,25.0,IND,SF,18.0,0.5,1.8,1.0,0.3,0.1,1.1,5.2
Jordan Nwora,25.0,TOR,SF,34.0,1.0,3.4,1.3,0.6,0.4,0.9,7.9
Quentin Grimes,23.0,2TM,SG,51.0,0.7,2.0,1.3,0.7,0.1,1.5,7.0
Quentin Grimes,23.0,NYK,SG,45.0,0.5,2.0,1.2,0.7,0.1,1.5,7.3
Quentin Grimes,23.0,DET,SG,6.0,1.7,2.0,2.3,0.8,0.7,1.5,5.3
Javon Freeman-Liberty,24.0,TOR,PG,22.0,1.5,3.2,1.8,0.5,0.2,1.3,7.0
Evan Fournier,31.0,2TM,SG,32.0,0.9,1.8,1.5,0.9,0.2,1.5,6.9
Evan Fournier,31.0,NYK,SG,3.0,0.7,1.3,1.0,1.3,0.0,1.3,4.0
Evan Fournier,31.0,DET,SG,29.0,0.9,1.9,1.6,0.9,0.2,1.5,7.2
Gary Harris,29.0,ORL,SG,54.0,0.6,1.7,1.6,0.9,0.3,1.7,6.9
Killian Hayes,22.0,DET,PG,42.0,0.8,2.8,4.9,0.9,0.5,1.8,6.9
Bones Hyland,23.0,LAC,PG,37.0,0.5,1.5,2.5,0.7,0.1,1.4,6.9
MÃ£ozinha Pereira,23.0,MEM,SF,7.0,1.0,5.3,0.3,0.9,0.6,1.4,6.9
Trendon Watford,23.0,BRK,PF,63.0,1.2,3.1,1.3,0.4,0.3,1.7,6.9
Aaron Wiggins,25.0,OKC,SG,78.0,0.7,2.4,1.1,0.7,0.2,1.2,6.9
Christian Wood,28.0,LAL,PF,50.0,1.3,5.1,1.0,0.3,0.7,1.4,6.9
Trey Jemison,24.0,2TM,C,25.0,0.8,5.4,1.1,0.5,1.1,2.8,6.8
Trey Jemison,24.0,WAS,C,2.0,0.0,0.5,0.0,0.0,0.0,0.0,0.0
Trey Jemison,24.0,MEM,C,23.0,0.9,5.8,1.2,0.5,1.2,3.0,7.4
Julian Champagnie,22.0,SAS,SF,74.0,1.0,2.8,1.4,0.6,0.6,1.0,6.8
Jonathan Isaac,26.0,ORL,PF,58.0,1.0,4.5,0.5,0.7,1.2,1.1,6.8
Cedi Osman,28.0,SAS,SF,72.0,0.5,2.5,1.7,0.5,0.2,1.5,6.8
Day'Ron Sharpe,22.0,BRK,C,61.0,1.2,6.4,1.4,0.4,0.7,2.1,6.8
Cason Wallace,20.0,OKC,SG,82.0,0.4,2.3,1.5,0.9,0.5,1.6,6.8
Robert Williams,26.0,POR,C,6.0,1.2,6.3,0.8,1.2,1.2,2.8,6.8
DÄvis BertÄns,31.0,2TM,PF,43.0,0.7,1.4,0.8,0.6,0.3,1.3,6.7
DÄvis BertÄns,31.0,OKC,PF,15.0,0.9,0.7,0.6,0.2,0.2,0.7,2.9
DÄvis BertÄns,31.0,CHO,PF,28.0,0.6,1.8,0.9,0.8,0.3,1.6,8.8
Jahmi'us Ramsey,22.0,TOR,SG,7.0,0.7,3.1,1.1,1.0,0.0,1.4,6.7
Peyton Watson,21.0,DEN,SF,80.0,0.9,3.2,1.1,0.5,1.1,1.8,6.7
Amir Coffey,26.0,LAC,SF,70.0,0.9,2.1,1.1,0.6,0.2,1.5,6.6
Aaron Holiday,27.0,HOU,PG,78.0,0.7,1.6,1.8,0.5,0.1,1.6,6.6
Dennis Smith Jr.,26.0,BRK,PG,56.0,0.8,2.9,3.6,1.2,0.2,2.2,6.6
Chimezie Metu,26.0,2TM,C,51.0,1.1,3.8,0.9,0.8,0.3,1.4,6.5
Chimezie Metu,26.0,PHO,C,37.0,1.0,3.0,0.5,0.5,0.2,1.1,5.0
Chimezie Metu,26.0,DET,C,14.0,1.4,6.0,1.9,1.7,0.5,2.3,10.5
Jordan Goodwin,25.0,2TM,PG,57.0,0.8,4.4,2.7,0.8,0.3,1.3,6.5
Jordan Goodwin,25.0,PHO,PG,40.0,0.6,2.9,2.0,0.6,0.2,1.1,5.0
Jordan Goodwin,25.0,MEM,PG,17.0,1.1,8.0,4.5,1.5,0.5,1.9,10.0
David Roddy,22.0,2TM,PF,65.0,0.7,3.2,1.2,0.4,0.2,1.1,6.5
David Roddy,22.0,MEM,PF,48.0,1.0,4.2,1.6,0.5,0.2,1.4,8.4
David Roddy,22.0,PHO,PF,17.0,0.1,0.6,0.2,0.1,0.0,0.2,1.3
David Duke Jr.,24.0,SAS,SG,4.0,0.8,2.5,1.3,0.5,0.0,1.0,6.5
Jeff Green,37.0,HOU,PF,78.0,1.6,2.3,0.9,0.2,0.4,1.3,6.5
Isaiah Jackson,22.0,IND,C,59.0,1.2,4.0,0.8,0.6,1.0,2.3,6.5
Marcus Morris,34.0,2TM,PF,49.0,0.7,2.7,0.7,0.3,0.3,1.5,6.4
Marcus Morris,34.0,PHI,PF,37.0,0.8,2.9,0.7,0.4,0.3,1.6,6.7
Marcus Morris,34.0,CLE,PF,12.0,0.4,2.1,0.8,0.2,0.2,1.1,5.8
Kyle Anderson,30.0,MIN,PF,79.0,1.2,3.5,4.2,0.9,0.6,1.6,6.4
Chris Boucher,31.0,TOR,PF,50.0,1.4,4.1,0.5,0.3,0.5,1.4,6.4
Jared Butler,23.0,WAS,SG,40.0,0.8,1.5,3.2,0.7,0.2,1.5,6.3
Bruno Fernando,25.0,ATL,C,45.0,1.4,4.3,1.0,0.6,0.6,2.4,6.3
Daniel Theis,31.0,2TM,C,60.0,0.6,4.1,1.0,0.4,0.9,2.1,6.3
Daniel Theis,31.0,IND,C,1.0,0.0,0.0,0.0,0.0,0.0,1.0,2.0
Daniel Theis,31.0,LAC,C,59.0,0.6,4.1,1.0,0.4,0.9,2.1,6.3
Jaylen Nowell,24.0,2TM,SG,13.0,0.5,1.8,1.5,0.3,0.2,1.2,6.2
Jaylen Nowell,24.0,MEM,SG,9.0,0.3,1.6,1.8,0.3,0.0,1.4,5.7
Jaylen Nowell,24.0,DET,SG,4.0,1.0,2.5,0.8,0.3,0.5,0.5,7.5
Patrick Beverley,35.0,2TM,PG,73.0,1.0,3.3,2.9,0.6,0.4,1.8,6.2
Patrick Beverley,35.0,PHI,PG,47.0,1.1,3.1,3.1,0.5,0.4,1.8,6.3
Patrick Beverley,35.0,MIL,PG,26.0,0.9,3.6,2.6,0.7,0.5,1.7,6.0
Jae Crowder,33.0,MIL,PF,50.0,0.5,3.2,1.3,0.8,0.2,1.5,6.2
Keon Johnson,21.0,BRK,SG,5.0,2.2,1.4,0.6,0.6,0.2,1.0,6.2
Haywood Highsmith,27.0,MIA,PF,66.0,0.3,3.2,1.1,0.8,0.5,1.8,6.1
Vit Krejci,23.0,ATL,PG,22.0,0.2,2.4,2.3,0.6,0.3,2.2,6.1
Kris Murray,23.0,POR,SF,62.0,0.6,3.6,1.3,0.9,0.3,1.5,6.1
Ben Simmons,27.0,BRK,PG,15.0,0.4,7.9,5.7,0.8,0.6,2.4,6.1
Zavier Simpson,26.0,MEM,PG,7.0,0.4,2.9,3.6,1.0,0.4,1.6,6.0
Tosan Evbuomwan,22.0,2TM,SF,17.0,1.0,3.5,0.9,0.4,0.3,1.4,5.9
Tosan Evbuomwan,22.0,MEM,SF,4.0,0.0,3.5,1.5,0.0,0.3,1.3,2.5
Tosan Evbuomwan,22.0,DET,SF,13.0,1.3,3.5,0.8,0.5,0.3,1.4,7.0
Justin Champagnie,22.0,WAS,SF,15.0,0.8,3.5,1.3,0.7,0.6,0.9,5.9
Nick Smith Jr.,19.0,CHO,SG,51.0,0.3,1.4,1.2,0.2,0.1,1.1,5.9
Ochai Agbaji,23.0,2TM,SG,78.0,0.5,2.8,1.1,0.6,0.6,1.5,5.8
Ochai Agbaji,23.0,UTA,SG,51.0,0.3,2.5,0.9,0.5,0.6,1.3,5.4
Ochai Agbaji,23.0,TOR,SG,27.0,0.8,3.3,1.3,0.7,0.6,1.9,6.7
Noah Clowney,19.0,BRK,PF,23.0,0.9,3.5,0.8,0.3,0.7,1.1,5.8
Dyson Daniels,20.0,NOP,PG,61.0,0.6,3.9,2.7,1.4,0.4,1.7,5.8
Danilo Gallinari,35.0,3TM,SF,49.0,1.7,2.2,1.1,0.3,0.1,1.0,5.7
Danilo Gallinari,35.0,WAS,PF,26.0,1.8,2.9,1.2,0.2,0.1,1.0,7.0
Danilo Gallinari,35.0,DET,SF,6.0,3.5,2.3,2.0,0.3,0.3,1.5,8.7
Danilo Gallinari,35.0,MIL,SF,17.0,0.9,1.1,0.7,0.4,0.1,0.9,2.8
Thomas Bryant,26.0,MIA,C,38.0,1.1,3.7,0.6,0.3,0.4,1.2,5.7
Torrey Craig,33.0,CHI,SF,53.0,0.5,4.1,1.1,0.6,0.4,2.1,5.7
Larry Nance Jr.,31.0,NOP,C,61.0,0.8,5.0,1.9,1.0,0.3,1.6,5.7
Pat Connaughton,31.0,MIL,SF,76.0,0.6,3.1,2.1,0.5,0.3,1.3,5.6
Craig Porter Jr.,23.0,CLE,PG,51.0,0.8,2.1,2.3,0.4,0.3,0.8,5.6
Mitchell Robinson,25.0,NYK,C,31.0,0.9,8.5,0.6,1.2,1.1,1.8,5.6
Malachi Flynn,25.0,3TM,PG,69.0,0.8,1.7,1.9,0.6,0.1,1.0,5.5
Malachi Flynn,25.0,TOR,PG,31.0,0.5,2.1,2.4,0.6,0.2,1.4,5.1
Malachi Flynn,25.0,NYK,PG,14.0,0.6,0.4,0.4,0.1,0.0,0.2,2.2
Malachi Flynn,25.0,DET,PG,24.0,1.1,1.8,2.1,0.8,0.1,0.9,8.0
Doug McDermott,32.0,2TM,SF,64.0,0.2,0.9,1.1,0.3,0.0,1.0,5.5
Doug McDermott,32.0,SAS,SF,46.0,0.2,1.0,1.2,0.2,0.0,1.0,6.0
Doug McDermott,32.0,IND,SF,18.0,0.1,0.6,0.7,0.3,0.0,0.9,4.2
Dexter Dennis,24.0,DAL,SG,4.0,0.3,2.3,1.0,0.0,0.3,0.3,5.5
Gary Payton II,31.0,GSW,SG,44.0,0.3,2.6,1.1,0.9,0.4,1.8,5.5
Neemias Queta,24.0,BOS,C,28.0,0.7,4.4,0.7,0.5,0.8,1.8,5.5
Ricky Council IV,22.0,PHI,SG,32.0,1.7,1.4,0.5,0.3,0.0,0.5,5.4
Kris Dunn,29.0,UTA,PG,66.0,0.3,2.9,3.8,1.0,0.4,2.0,5.4
Keon Ellis,24.0,SAC,SG,57.0,0.5,2.2,1.5,0.9,0.5,2.0,5.4
Cam Reddish,24.0,LAL,SF,48.0,0.9,2.1,1.0,1.0,0.3,1.3,5.4
Matt Ryan,26.0,NOP,SF,28.0,0.5,1.4,0.6,0.2,0.0,1.1,5.4
Matisse Thybulle,26.0,POR,SF,65.0,0.3,2.1,1.4,1.7,0.8,1.4,5.4
Sasha Vezenkov,28.0,SAC,PF,42.0,0.3,2.3,0.5,0.5,0.2,1.0,5.4
Dean Wade,27.0,CLE,PF,54.0,0.4,4.0,0.8,0.7,0.5,1.7,5.4
Darius Bazley,23.0,2TM,PF,9.0,1.1,3.1,0.8,0.7,0.8,0.3,5.3
Darius Bazley,23.0,PHI,PF,3.0,0.0,0.3,0.7,0.0,0.0,0.0,0.0
Darius Bazley,23.0,UTA,PF,6.0,1.7,4.5,0.8,1.0,1.2,0.5,8.0
Xavier Tillman Sr.,25.0,2TM,PF,54.0,0.4,3.9,1.4,0.9,0.8,1.4,5.3
Xavier Tillman Sr.,25.0,MEM,C,34.0,0.5,4.6,1.7,1.2,1.0,1.8,6.0
Xavier Tillman Sr.,25.0,BOS,PF,20.0,0.2,2.7,1.0,0.5,0.5,0.8,4.0
Nicolas Batum,35.0,2TM,PF,60.0,0.3,4.1,2.1,0.8,0.6,1.8,5.3
Nicolas Batum,35.0,LAC,PF,3.0,0.0,2.3,1.7,1.0,1.3,1.7,2.7
Nicolas Batum,35.0,PHI,PF,57.0,0.3,4.2,2.2,0.8,0.6,1.8,5.5
Luke Kornet,28.0,BOS,C,63.0,0.8,4.1,1.1,0.4,1.0,1.2,5.3
Davion Mitchell,25.0,SAC,PG,72.0,0.4,1.3,1.9,0.2,0.0,1.2,5.3
Mason Plumlee,33.0,LAC,C,46.0,1.5,5.1,1.2,0.3,0.4,1.5,5.3
Stanley Umude,24.0,DET,SG,24.0,1.2,2.1,0.5,0.3,0.3,1.7,5.3
Aleksej Pokusevski,22.0,2TM,PF,28.0,1.1,3.2,1.3,0.5,0.5,0.8,5.2
Aleksej Pokusevski,22.0,OKC,PF,10.0,0.2,1.0,0.5,0.1,0.1,0.5,1.2
Aleksej Pokusevski,22.0,CHO,PF,18.0,1.6,4.4,1.7,0.8,0.7,0.9,7.4
Bol Bol,24.0,PHO,PF,43.0,0.3,3.2,0.4,0.2,0.6,1.0,5.2
Brandon Boston Jr.,22.0,LAC,SF,32.0,0.7,1.6,0.4,0.3,0.3,1.3,5.2
Jarred Vanderbilt,24.0,LAL,PF,29.0,0.8,4.8,1.2,1.2,0.2,1.5,5.2
Seth Curry,33.0,2TM,SG,44.0,0.6,1.5,1.0,0.5,0.1,0.9,5.1
Seth Curry,33.0,DAL,SG,36.0,0.5,1.4,0.8,0.5,0.1,0.9,4.3
Seth Curry,33.0,CHO,SG,8.0,1.4,2.0,1.8,0.6,0.4,0.9,9.0
Drew Eubanks,26.0,PHO,C,75.0,1.0,4.3,0.8,0.4,0.8,1.5,5.1
Bryce McGowens,21.0,CHO,SG,59.0,1.1,1.7,0.9,0.4,0.2,1.3,5.1
Richaun Holmes,30.0,2TM,C,40.0,0.9,4.6,0.6,0.3,0.5,1.9,5.0
Richaun Holmes,30.0,DAL,C,23.0,0.5,3.4,0.7,0.1,0.4,1.4,3.4
Richaun Holmes,30.0,WAS,PF,17.0,1.3,6.1,0.6,0.5,0.6,2.4,7.1
Monte Morris,28.0,2TM,PG,33.0,0.4,1.7,2.1,0.6,0.3,0.4,5.0
Monte Morris,28.0,DET,PG,6.0,0.2,2.0,1.3,0.2,0.2,0.2,4.5
Monte Morris,28.0,MIN,PG,27.0,0.4,1.7,2.3,0.7,0.3,0.5,5.1
Goga Bitadze,24.0,ORL,C,62.0,0.9,4.6,1.3,0.5,1.2,1.7,5.0
Jevon Carter,28.0,CHI,PG,72.0,0.1,0.8,1.3,0.5,0.2,1.0,5.0
Devonte' Graham,28.0,SAS,PG,23.0,0.6,1.6,2.1,0.4,0.1,0.6,5.0
Isaiah Livers,25.0,DET,PF,23.0,0.5,2.1,1.1,0.6,0.2,1.9,5.0
Kobi Simmons,26.0,TOR,PG,4.0,0.0,1.8,3.0,1.5,0.5,1.3,5.0
D.J. Wilson,27.0,PHI,PF,2.0,0.0,1.0,1.0,0.0,1.0,0.5,5.0
Jalen Wilson,23.0,BRK,PF,43.0,0.9,3.0,1.0,0.3,0.1,1.1,5.0
Jock Landale,28.0,HOU,C,56.0,0.9,3.1,1.2,0.4,0.6,1.3,4.9
Garrison Mathews,27.0,ATL,SG,66.0,0.5,1.4,0.6,0.3,0.1,1.7,4.9
Jared Rhoden,24.0,DET,SG,17.0,0.3,1.9,0.8,0.2,0.8,1.6,4.9
Kobe Bufkin,20.0,ATL,SG,17.0,0.2,1.9,1.6,0.4,0.3,1.2,4.8
DeJon Jarreau,26.0,MEM,SG,9.0,0.6,4.9,2.9,0.7,0.2,1.6,4.8
Eugene Omoruyi,26.0,WAS,SF,43.0,0.7,2.0,0.8,0.6,0.1,1.4,4.8
Kenrich Williams,29.0,OKC,PF,69.0,0.1,3.0,1.3,0.6,0.1,1.5,4.7
Kenneth Lofton Jr.,21.0,3TM,PF,21.0,0.8,1.8,1.6,0.3,0.2,1.1,4.6
Kenneth Lofton Jr.,21.0,MEM,PF,15.0,0.5,1.0,0.9,0.2,0.2,1.0,2.6
Kenneth Lofton Jr.,21.0,PHI,PF,2.0,0.0,1.5,0.0,0.0,0.0,0.0,1.0
Kenneth Lofton Jr.,21.0,UTA,PF,4.0,2.3,5.0,4.8,0.8,0.5,2.3,13.8
Anthony Black,20.0,ORL,PG,69.0,0.7,2.0,1.3,0.5,0.3,1.6,4.6
Josh Okogie,25.0,PHO,SG,60.0,1.3,2.6,1.1,0.8,0.4,1.1,4.6
Omer Yurtseven,25.0,UTA,C,48.0,0.4,4.3,0.6,0.2,0.4,1.1,4.6
Shake Milton,27.0,3TM,SG,48.0,0.8,1.6,1.3,0.4,0.1,1.1,4.5
Shake Milton,27.0,MIN,SG,38.0,0.9,1.3,1.3,0.4,0.1,1.2,4.7
Shake Milton,27.0,DET,SG,4.0,0.5,4.5,1.5,0.5,0.3,0.8,6.8
Shake Milton,27.0,NYK,SG,6.0,0.3,1.0,0.7,0.2,0.0,1.2,1.8
Delon Wright,31.0,2TM,PG,47.0,0.8,1.8,2.5,1.1,0.2,0.7,4.5
Delon Wright,31.0,WAS,PG,33.0,0.7,1.8,2.5,1.1,0.2,0.7,4.1
Delon Wright,31.0,MIA,PG,14.0,0.9,1.9,2.6,1.4,0.2,0.7,5.4
A.J. Green,24.0,MIL,SG,56.0,0.3,1.1,0.5,0.2,0.1,0.9,4.5
Kevon Looney,27.0,GSW,C,74.0,0.8,5.7,1.8,0.4,0.4,2.1,4.5
Taze Moore,25.0,POR,SG,4.0,0.3,2.0,1.3,0.5,0.0,1.0,4.5
Julian Strawther,21.0,DEN,SF,50.0,0.4,1.2,0.9,0.3,0.1,1.1,4.5
Bismack Biyombo,31.0,2TM,C,40.0,0.7,5.2,1.3,0.3,0.9,2.2,4.4
Bismack Biyombo,31.0,MEM,C,30.0,0.7,6.4,1.7,0.3,1.1,2.7,5.2
Bismack Biyombo,31.0,OKC,C,10.0,0.4,1.8,0.2,0.1,0.3,0.7,1.8
Robert Covington,33.0,2TM,PF,29.0,0.8,3.3,0.8,1.3,0.6,1.9,4.4
Robert Covington,33.0,LAC,PF,3.0,0.3,2.7,2.3,2.0,0.7,2.3,3.0
Robert Covington,33.0,PHI,SF,26.0,0.8,3.4,0.7,1.3,0.6,1.9,4.5
Patrick Baldwin Jr.,21.0,WAS,SF,38.0,0.5,3.2,0.8,0.5,0.4,1.5,4.4
Mo Bamba,25.0,PHI,C,57.0,0.6,4.2,0.7,0.4,1.1,1.8,4.4
Dominick Barlow,20.0,SAS,PF,33.0,0.9,3.4,1.1,0.4,0.4,1.4,4.4
MarJon Beauchamp,23.0,MIL,SF,48.0,0.4,2.1,0.6,0.3,0.1,1.1,4.4
Joe Ingles,36.0,ORL,SF,68.0,0.4,2.1,3.0,0.6,0.1,1.3,4.4
Maxi Kleber,32.0,DAL,C,43.0,0.8,3.3,1.6,0.4,0.7,1.8,4.4
Jontay Porter,24.0,TOR,PF,26.0,0.6,3.2,2.3,0.8,0.8,1.3,4.4
Lester Quinones,23.0,GSW,SG,37.0,0.5,1.9,1.0,0.2,0.1,1.2,4.4
Ben Sheppard,22.0,IND,SG,57.0,0.4,1.6,0.9,0.6,0.0,1.5,4.4
Blake Wesley,20.0,SAS,SG,61.0,0.9,1.5,2.7,0.5,0.1,1.5,4.4
Jeff Dowtin,26.0,PHI,PG,12.0,0.3,1.7,2.3,0.6,0.1,0.1,4.3
Jaxson Hayes,23.0,LAL,C,70.0,0.7,3.0,0.5,0.5,0.4,1.8,4.3
Caleb Houstan,21.0,ORL,SF,59.0,0.4,1.4,0.5,0.3,0.1,1.0,4.3
John Konchar,27.0,MEM,SF,55.0,0.4,4.7,2.0,0.9,0.9,1.4,4.3
Dru Smith,26.0,MIA,SG,9.0,0.2,1.6,1.6,1.0,0.3,1.3,4.3
Thaddeus Young,35.0,2TM,PF,33.0,0.2,3.1,1.7,0.7,0.2,1.5,4.2
Thaddeus Young,35.0,TOR,PF,23.0,0.2,3.3,2.2,0.8,0.1,1.7,5.0
Thaddeus Young,35.0,PHO,PF,10.0,0.1,2.8,0.7,0.5,0.2,1.1,2.3
Jacob Gilyard,25.0,2TM,PG,41.0,0.0,1.1,3.3,0.8,0.1,1.0,4.2
Jacob Gilyard,25.0,MEM,PG,37.0,0.1,1.2,3.5,0.7,0.1,0.9,4.7
Jacob Gilyard,25.0,BRK,PG,4.0,0.0,0.8,1.5,1.5,0.0,1.0,0.0
Armoni Brooks,25.0,BRK,PG,10.0,0.1,1.8,0.5,0.1,0.1,0.3,4.2
Troy Brown Jr.,24.0,2TM,SF,59.0,0.5,2.4,1.0,0.4,0.1,0.7,4.2
Troy Brown Jr.,24.0,MIN,SF,37.0,0.5,1.9,0.9,0.2,0.1,0.7,4.2
Troy Brown Jr.,24.0,DET,SF,22.0,0.6,3.3,1.1,0.7,0.0,0.7,4.2
Max Christie,20.0,LAL,SG,67.0,0.5,2.1,0.9,0.3,0.3,0.9,4.2
Ashton Hagans,24.0,POR,PG,19.0,0.7,2.4,2.8,0.6,0.5,2.1,4.2
Danuel House Jr.,30.0,PHI,SF,34.0,1.0,1.7,0.8,0.4,0.1,1.3,4.2
Skylar Mays,26.0,2TM,SG,38.0,0.3,1.1,2.2,0.6,0.1,0.7,4.1
Skylar Mays,26.0,POR,PG,21.0,0.6,1.8,3.6,0.7,0.1,1.0,6.3
Skylar Mays,26.0,LAL,SG,17.0,0.0,0.4,0.6,0.4,0.1,0.4,1.3
Sandro Mamukelashvili,24.0,SAS,C,46.0,0.5,3.2,1.1,0.2,0.3,0.8,4.1
Luka Å amaniÄ,24.0,UTA,PF,43.0,1.0,2.4,0.4,0.1,0.2,0.7,4.1
Jae'Sean Tate,28.0,HOU,SF,65.0,0.4,3.0,1.0,0.6,0.2,2.1,4.1
Patty Mills,35.0,2TM,PG,32.0,0.3,1.1,1.1,0.6,0.0,1.0,4.0
Patty Mills,35.0,ATL,PG,19.0,0.0,1.1,0.7,0.5,0.1,0.9,2.7
Patty Mills,35.0,MIA,PG,13.0,0.8,1.2,1.5,0.8,0.0,1.2,5.8
Izaiah Brockington,24.0,NOP,PG,1.0,0.0,2.0,0.0,0.0,0.0,0.0,4.0
Ousmane Dieng,20.0,OKC,PF,33.0,0.4,1.5,1.1,0.2,0.2,0.7,4.0
Luka Garza,25.0,MIN,C,25.0,0.7,1.2,0.2,0.2,0.0,1.0,4.0
Mouhamed Gueye,21.0,ATL,PF,6.0,0.8,3.7,0.7,0.8,0.7,2.2,4.0
Justin Holiday,34.0,DEN,SG,58.0,0.1,1.2,1.2,0.6,0.2,1.2,4.0
Matthew Hurt,23.0,MEM,PF,8.0,0.4,2.0,0.5,0.4,0.4,1.0,4.0
JaVale McGee,36.0,SAC,C,46.0,0.6,2.7,0.4,0.3,0.4,1.0,4.0
Svi Mykhailiuk,26.0,BOS,SF,41.0,0.1,1.2,0.9,0.3,0.0,0.5,4.0
Rayan Rupert,19.0,POR,SG,39.0,0.5,2.4,1.6,0.3,0.1,1.4,4.0
Adama Sanogo,21.0,CHI,PF,9.0,0.9,4.0,0.0,0.1,0.0,0.6,4.0
Jaylin Williams,21.0,OKC,C,69.0,0.5,3.4,1.6,0.4,0.4,1.4,4.0
Jules Bernard,24.0,WAS,SG,19.0,0.3,1.4,0.8,0.2,0.1,0.7,3.9
Chris Duarte,26.0,SAC,SF,59.0,0.4,1.8,0.7,0.5,0.1,1.4,3.9
DeAndre Jordan,35.0,DEN,C,36.0,0.7,4.4,0.7,0.2,0.4,1.6,3.9
Sidy Cissoko,19.0,SAS,SF,12.0,1.0,1.8,0.8,0.6,0.3,1.5,3.8
Anthony Gill,31.0,WAS,PF,50.0,0.6,1.9,0.7,0.3,0.2,1.0,3.8
KJ Martin,23.0,2TM,SF,60.0,0.4,2.2,0.9,0.4,0.2,1.7,3.7
KJ Martin,23.0,LAC,SF,2.0,0.5,1.5,0.5,1.0,0.5,1.5,5.0
KJ Martin,23.0,PHI,SF,58.0,0.4,2.2,0.9,0.3,0.2,1.7,3.7
Keita Bates-Diop,28.0,2TM,SF,53.0,0.6,2.1,0.7,0.5,0.4,0.7,3.7
Keita Bates-Diop,28.0,PHO,SF,39.0,0.7,2.6,0.9,0.6,0.5,0.8,4.5
Keita Bates-Diop,28.0,BRK,SF,14.0,0.4,0.6,0.3,0.2,0.1,0.1,1.6
Oshae Brissett,25.0,BOS,SF,55.0,0.9,2.9,0.8,0.3,0.1,1.0,3.7
Jamal Cain,24.0,MIA,PF,26.0,0.7,1.4,0.4,0.4,0.2,0.8,3.7
Drew Peterson,24.0,BOS,PF,3.0,0.0,0.3,0.3,0.7,0.0,0.3,3.7
T.J. Warren,30.0,MIN,SF,11.0,0.3,2.0,0.8,0.4,0.1,1.0,3.7
James Bouknight,23.0,CHO,SG,14.0,0.1,0.6,0.4,0.1,0.1,0.2,3.6
Collin Gillespie,24.0,DEN,PG,24.0,0.3,0.9,1.1,0.5,0.0,1.0,3.6
Gui Santos,21.0,GSW,PF,23.0,0.7,2.1,0.6,0.2,0.1,1.0,3.6
Jarace Walker,20.0,IND,PF,33.0,0.2,1.9,1.2,0.5,0.3,0.9,3.6
Lindy Waters III,26.0,OKC,SG,38.0,0.1,1.1,0.6,0.1,0.2,0.6,3.6
ThÃ©o Maledon,22.0,2TM,PG,17.0,0.8,1.4,1.6,0.4,0.0,1.2,3.5
ThÃ©o Maledon,22.0,CHO,PG,13.0,0.8,1.8,2.2,0.5,0.0,1.4,4.2
ThÃ©o Maledon,22.0,PHO,PG,4.0,0.8,0.3,0.0,0.0,0.0,0.8,1.3
Onuralp Bitim,24.0,CHI,SG,23.0,0.2,1.4,0.6,0.1,0.1,1.0,3.5
Jordan McLaughlin,27.0,MIN,PG,56.0,0.2,1.3,2.0,0.6,0.1,0.6,3.5
Marques Bolden,25.0,2TM,C,11.0,0.3,3.1,0.4,0.3,0.6,0.9,3.4
Marques Bolden,25.0,MIL,C,2.0,0.0,1.0,0.0,0.0,0.0,0.5,0.0
Marques Bolden,25.0,CHO,C,9.0,0.3,3.6,0.4,0.3,0.8,1.0,4.1
Ryan Rollins,21.0,2TM,PG,13.0,1.0,1.0,1.1,0.8,0.2,0.6,3.4
Ryan Rollins,21.0,WAS,PG,10.0,1.3,1.1,1.1,0.8,0.3,0.7,4.1
Ryan Rollins,21.0,MIL,PG,3.0,0.0,0.7,1.0,0.7,0.0,0.3,1.0
Yuta Watanabe,29.0,2TM,SF,34.0,0.3,1.6,0.4,0.4,0.2,1.1,3.4
Yuta Watanabe,29.0,PHO,SF,29.0,0.3,1.6,0.3,0.3,0.2,1.2,3.6
Yuta Watanabe,29.0,MEM,SF,5.0,0.0,1.8,1.0,0.6,0.0,1.0,2.6
Buddy Boeheim,24.0,DET,SF,10.0,0.8,1.0,0.3,0.0,0.1,0.5,3.4
Moses Brown,24.0,POR,C,22.0,0.4,3.9,0.3,0.2,0.3,1.2,3.4
Wenyen Gabriel,26.0,MEM,PF,5.0,0.0,5.0,0.6,0.4,0.4,2.0,3.4
Nassir Little,23.0,PHO,SF,45.0,0.4,1.7,0.5,0.2,0.2,0.9,3.4
Jalen McDaniels,26.0,TOR,SF,50.0,0.5,1.6,0.7,0.4,0.1,1.0,3.4
Jaden Springer,21.0,2TM,PG,49.0,0.7,1.6,0.9,0.7,0.3,1.3,3.3
Jaden Springer,21.0,PHI,SG,32.0,0.9,1.8,1.1,0.8,0.3,1.5,4.0
Jaden Springer,21.0,BOS,PG,17.0,0.4,1.2,0.5,0.6,0.2,1.0,2.1
Charles Bassey,23.0,SAS,C,19.0,0.3,4.0,1.1,0.4,0.9,1.6,3.3
Micah Potter,25.0,UTA,PF,16.0,0.4,2.7,0.4,0.3,0.4,0.9,3.3
Dwight Powell,32.0,DAL,C,63.0,1.0,3.4,1.3,0.4,0.3,1.8,3.3
Terquavion Smith,21.0,PHI,PG,16.0,0.2,0.3,0.8,0.5,0.0,0.5,3.3
Garrett Temple,37.0,TOR,SG,27.0,0.7,1.7,1.0,0.4,0.1,1.0,3.3
Tristan Thompson,32.0,CLE,C,49.0,0.3,3.6,1.0,0.2,0.3,1.2,3.3
Oscar Tshiebwe,24.0,IND,PF,8.0,0.8,2.0,0.3,0.3,0.1,0.4,3.3
Kira Lewis Jr.,22.0,3TM,PG,28.0,0.6,0.9,1.3,0.3,0.1,0.5,3.2
Kira Lewis Jr.,22.0,NOP,PG,15.0,0.7,0.9,1.2,0.3,0.1,0.5,2.9
Kira Lewis Jr.,22.0,TOR,PG,1.0,0.0,0.0,0.0,0.0,0.0,1.0,0.0
Kira Lewis Jr.,22.0,UTA,PG,12.0,0.6,1.0,1.6,0.3,0.1,0.3,3.8
A.J. Lawson,23.0,DAL,SG,42.0,0.4,1.2,0.5,0.2,0.1,0.5,3.2
Boban MarjanoviÄ,35.0,HOU,C,14.0,0.6,2.3,0.4,0.1,0.1,0.4,3.2
Zeke Nnaji,23.0,DEN,PF,58.0,0.7,2.2,0.6,0.3,0.7,1.4,3.2
Ish Smith,35.0,CHO,PG,43.0,0.1,1.8,3.4,0.4,0.1,1.1,3.2
JT Thor,21.0,CHO,PF,63.0,0.2,2.3,0.5,0.2,0.4,1.0,3.2
Brandon Williams,24.0,DAL,PG,17.0,0.6,0.8,1.0,0.1,0.1,0.2,3.2
Wesley Matthews,37.0,ATL,SG,36.0,0.5,1.5,0.6,0.4,0.3,1.2,3.1
Dalen Terry,21.0,CHI,SG,59.0,0.4,1.9,1.4,0.5,0.3,1.4,3.1
Gabe Vincent,27.0,LAL,PG,11.0,0.1,0.8,1.9,0.8,0.0,1.7,3.1
Mike Muscala,32.0,3TM,C,53.0,0.3,2.4,0.7,0.2,0.2,1.0,3.0
Mike Muscala,32.0,WAS,C,24.0,0.6,3.1,0.9,0.2,0.3,1.3,4.0
Mike Muscala,32.0,DET,C,13.0,0.2,2.2,0.8,0.2,0.4,1.0,3.5
Mike Muscala,32.0,OKC,C,16.0,0.0,1.3,0.3,0.1,0.1,0.5,1.1
Johnny Davis,21.0,WAS,SG,50.0,0.3,1.4,0.6,0.4,0.2,1.1,3.0
Saben Lee,24.0,PHO,PG,24.0,1.2,1.3,1.3,0.3,0.1,0.5,3.0
Olivier-Maxence Prosper,21.0,DAL,PF,40.0,0.7,2.0,0.6,0.2,0.1,0.5,3.0
Trevelin Queen,26.0,ORL,SG,14.0,0.6,1.4,1.3,0.5,0.4,1.1,2.9
Jeremiah Robinson-Earl,23.0,NOP,PF,39.0,0.3,1.9,0.5,0.3,0.1,0.6,2.9
Jeenathan Williams,24.0,HOU,SG,22.0,0.3,1.0,0.3,0.2,0.0,0.5,2.9
D.J. Carton,23.0,TOR,SG,4.0,1.0,1.0,0.8,0.3,0.0,0.8,2.8
Henri Drell,23.0,CHI,SF,4.0,0.3,1.0,1.0,0.5,0.3,1.5,2.8
Orlando Robinson,23.0,MIA,C,36.0,0.5,2.3,0.9,0.2,0.2,1.0,2.8
Emoni Bates,20.0,CLE,SF,15.0,0.1,0.9,0.7,0.1,0.1,0.3,2.7
Leaky Black,24.0,CHO,SF,26.0,0.4,1.8,0.9,0.3,0.4,0.7,2.7
Damian Jones,28.0,CLE,C,39.0,0.5,1.6,0.4,0.2,0.3,0.7,2.7
Malik Williams,25.0,TOR,C,7.0,0.0,5.4,0.3,0.4,0.6,2.1,2.7
Timmy Allen,24.0,MEM,SF,5.0,0.2,3.4,1.0,0.8,0.0,3.6,2.6
Moussa DiabatÃ©,22.0,LAC,C,11.0,0.8,2.2,0.4,0.5,0.1,0.4,2.6
Otto Porter Jr.,30.0,TOR,SF,15.0,0.2,1.9,0.5,0.3,0.3,1.3,2.6
Alex Fudge,20.0,2TM,SF,6.0,0.3,0.8,0.0,0.5,0.0,0.3,2.5
Alex Fudge,20.0,LAL,SF,4.0,0.5,0.5,0.0,0.0,0.0,0.3,1.0
Alex Fudge,20.0,DAL,SF,2.0,0.0,1.5,0.0,1.5,0.0,0.5,5.5
Dylan Windler,27.0,3TM,SF,17.0,0.0,0.9,0.6,0.1,0.0,0.4,2.5
Dylan Windler,27.0,NYK,SF,3.0,0.0,0.3,0.3,0.0,0.0,0.3,1.0
Dylan Windler,27.0,LAL,SF,8.0,0.0,0.4,0.8,0.0,0.0,0.3,1.5
Dylan Windler,27.0,ATL,SF,6.0,0.0,2.0,0.5,0.3,0.0,0.5,4.7
Greg Brown III,22.0,DAL,PF,6.0,0.7,1.5,0.7,0.0,0.7,0.8,2.5
Furkan Korkmaz,26.0,PHI,SG,35.0,0.4,0.9,0.7,0.4,0.1,0.5,2.5
Alex Len,30.0,SAC,C,48.0,0.4,2.7,1.0,0.2,0.7,1.4,2.5
Markieff Morris,34.0,DAL,PF,26.0,0.2,1.5,0.6,0.2,0.1,0.5,2.5
Harry Giles,25.0,2TM,C,23.0,0.3,1.3,0.3,0.1,0.1,0.7,2.4
Harry Giles,25.0,BRK,C,16.0,0.4,1.6,0.4,0.1,0.2,0.9,3.4
Harry Giles,25.0,LAL,C,7.0,0.0,0.6,0.0,0.1,0.0,0.0,0.3
AJ Griffin,20.0,ATL,SF,20.0,0.1,0.9,0.3,0.1,0.1,0.3,2.4
Mouhamadou Gueye,25.0,TOR,PF,11.0,0.4,2.1,0.5,0.3,1.6,1.4,2.4
Joe Harris,32.0,DET,SG,16.0,0.1,0.8,0.6,0.2,0.1,1.2,2.4
Cory Joseph,32.0,GSW,PG,26.0,0.2,1.2,1.6,0.2,0.1,1.0,2.4
Xavier Moon,29.0,LAC,SG,14.0,0.1,1.3,1.5,0.2,0.2,0.6,2.4
Jamaree Bouyea,24.0,2TM,PG,9.0,0.0,2.1,1.2,0.1,0.0,1.1,2.3
Jamaree Bouyea,24.0,POR,PG,6.0,0.0,1.7,1.3,0.0,0.0,0.5,1.7
Jamaree Bouyea,24.0,SAS,PG,3.0,0.0,3.0,1.0,0.3,0.0,2.3,3.7
Amari Bailey,19.0,CHO,PG,10.0,0.6,0.9,0.7,0.3,0.0,0.2,2.3
Isaiah Mobley,24.0,CLE,PF,10.0,0.0,1.0,0.6,0.2,0.0,0.6,2.3
Chuma Okeke,25.0,ORL,SF,47.0,0.1,1.7,0.4,0.2,0.1,0.4,2.3
Olivier Sarr,24.0,OKC,C,15.0,0.7,2.4,0.1,0.0,0.5,1.2,2.3
Dereon Seabron,23.0,NOP,SG,6.0,0.8,1.2,0.8,0.3,0.2,0.7,2.3
Cole Swider,24.0,MIA,SF,18.0,0.1,0.4,0.3,0.1,0.1,0.2,2.3
Udoka Azubuike,24.0,PHO,C,16.0,0.2,2.0,0.2,0.1,0.4,1.1,2.2
Reggie Bullock,32.0,HOU,SF,44.0,0.0,1.7,0.3,0.3,0.1,0.7,2.2
Trent Forrest,25.0,ATL,SG,38.0,0.3,1.3,2.4,0.3,0.1,0.7,2.2
Nate Hinton,24.0,HOU,SG,15.0,0.3,1.5,0.7,0.2,0.1,0.7,2.2
Andre Jackson Jr.,22.0,MIL,SG,57.0,0.1,2.0,0.9,0.3,0.1,1.6,2.2
Julian Phillips,20.0,CHI,SF,40.0,0.3,0.9,0.3,0.2,0.2,1.0,2.2
Ish Wainright,29.0,2TM,SF,11.0,0.2,1.3,0.1,0.4,0.1,0.7,2.1
Ish Wainright,29.0,POR,SF,7.0,0.3,1.3,0.0,0.3,0.1,0.6,2.9
Ish Wainright,29.0,PHO,SF,4.0,0.0,1.3,0.3,0.5,0.0,1.0,0.8
Colby Jones,21.0,SAC,SG,30.0,0.2,1.3,0.7,0.2,0.2,1.0,2.1
Mamadi Diakite,27.0,2TM,PF,6.0,0.7,0.7,0.3,0.2,0.2,0.3,2.0
Mamadi Diakite,27.0,SAS,PF,3.0,1.3,1.0,0.7,0.0,0.3,0.3,4.0
Mamadi Diakite,27.0,NYK,PF,3.0,0.0,0.3,0.0,0.3,0.0,0.3,0.0
Kobe Brown,24.0,LAC,PF,44.0,0.0,1.4,0.6,0.3,0.1,1.1,2.0
JD Davison,21.0,BOS,SG,8.0,0.4,1.3,1.3,0.1,0.1,0.5,2.0
Jordan Ford,25.0,SAC,PG,6.0,0.3,0.3,0.3,0.0,0.0,0.0,2.0
Kevon Harris,26.0,ORL,SG,2.0,0.0,1.0,0.5,0.0,0.0,1.5,2.0
D'Moi Hodge,25.0,LAL,SG,7.0,0.1,0.0,0.7,0.1,0.1,0.6,2.0
Ty Jerome,26.0,CLE,SG,2.0,0.0,0.5,1.5,0.0,0.0,1.0,2.0
Markquis Nowell,24.0,TOR,SG,1.0,2.0,2.0,2.0,1.0,0.0,0.0,2.0
Jericho Sims,25.0,NYK,C,45.0,0.4,3.3,0.6,0.2,0.4,1.0,2.0
Lindell Wigginton,25.0,MIL,PG,3.0,0.7,0.0,0.0,0.0,0.0,0.3,2.0
Isaiah Wong,23.0,IND,SG,1.0,0.0,0.0,0.0,0.0,0.0,0.0,2.0
Justin Minaya,24.0,POR,SF,34.0,0.1,1.6,0.6,0.3,0.3,1.0,1.8
Daishen Nix,21.0,MIN,PG,15.0,0.2,0.2,0.4,0.3,0.0,0.1,1.8
Cody Zeller,31.0,NOP,C,43.0,0.5,2.6,0.9,0.2,0.1,1.0,1.8
Taj Gibson,38.0,2TM,PF,20.0,0.1,1.9,0.6,0.2,0.4,1.6,1.7
Taj Gibson,38.0,NYK,PF,16.0,0.1,1.8,0.6,0.1,0.4,1.8,1.0
Taj Gibson,38.0,DET,PF,4.0,0.0,2.3,0.5,0.3,0.3,0.8,4.5
P.J. Tucker,38.0,2TM,PF,31.0,0.1,2.7,0.5,0.5,0.2,1.7,1.7
P.J. Tucker,38.0,PHI,PF,3.0,0.0,4.7,0.0,1.0,0.7,3.0,2.0
P.J. Tucker,38.0,LAC,PF,28.0,0.1,2.5,0.6,0.5,0.2,1.6,1.6
Kessler Edwards,23.0,SAC,SF,54.0,0.1,0.8,0.3,0.2,0.1,0.5,1.7
Leonard Miller,20.0,MIN,SF,17.0,0.1,1.2,0.5,0.1,0.1,0.3,1.7
Jason Preston,24.0,UTA,PG,7.0,0.0,2.4,2.3,0.3,0.1,0.4,1.7
Jordan Walsh,19.0,BOS,SF,9.0,0.1,2.2,0.6,0.6,0.1,1.2,1.7
Jalen Hood-Schifino,20.0,LAL,SG,21.0,0.6,0.6,0.4,0.1,0.1,0.6,1.6
Jett Howard,20.0,ORL,SF,18.0,0.1,0.4,0.3,0.1,0.1,0.2,1.6
Seth Lundy,23.0,ATL,SF,9.0,0.3,0.8,0.0,0.0,0.0,0.7,1.6
Jordan Miller,24.0,LAC,SF,8.0,0.3,0.6,0.0,0.0,0.0,0.3,1.6
Josh Minott,21.0,MIN,SF,32.0,0.4,0.5,0.3,0.2,0.2,0.3,1.6
Jalen Pickett,24.0,DEN,SG,27.0,0.1,0.5,0.8,0.1,0.0,0.5,1.6
Ibou Badji,21.0,POR,C,22.0,0.3,2.3,0.6,0.1,0.9,2.1,1.5
Colin Castleton,23.0,LAL,C,16.0,0.4,0.8,0.2,0.1,0.0,0.7,1.5
Adam Flagler,24.0,OKC,SG,2.0,0.0,0.0,2.0,0.0,0.0,0.0,1.5
Terry Taylor,24.0,CHI,PF,31.0,0.1,1.2,0.3,0.2,0.1,0.5,1.5
Dariq Whitehead,19.0,BRK,SF,2.0,0.5,2.0,1.5,0.0,0.5,0.0,1.5
Jack White,26.0,MEM,SF,4.0,0.0,3.0,0.3,1.0,0.3,0.8,1.5
Kendall Brown,20.0,IND,SG,15.0,0.3,0.3,0.3,0.0,0.0,0.6,1.4
Mason Jones,25.0,SAC,SG,5.0,0.2,1.0,1.0,0.2,0.0,0.6,1.4
Jerome Robinson,26.0,GSW,SG,22.0,0.3,0.3,0.2,0.0,0.1,0.2,1.4
Jermaine Samuels,25.0,HOU,SF,14.0,0.1,0.9,0.2,0.1,0.1,0.4,1.4
Jacob Toppin,23.0,NYK,SF,9.0,0.2,0.8,0.3,0.0,0.1,0.3,1.4
R.J. Hampton,22.0,MIA,PG,8.0,0.1,0.8,1.0,0.0,0.0,1.0,1.3
Nathan Mensah,25.0,CHO,C,25.0,0.4,2.6,0.4,0.2,0.6,2.6,1.3
Isaiah Thomas,34.0,PHO,PG,6.0,0.0,0.0,0.5,0.0,0.0,0.0,1.3
TyTy Washington Jr.,22.0,MIL,PG,11.0,0.0,0.5,0.5,0.3,0.0,0.1,1.3
Jay Huff,25.0,DEN,C,20.0,0.1,0.6,0.1,0.1,0.2,0.5,1.2
Keyontae Johnson,23.0,OKC,SF,9.0,0.0,1.1,0.4,0.1,0.0,0.6,1.2
Chris Livingston,20.0,MIL,SF,21.0,0.1,1.0,0.2,0.1,0.0,0.7,1.2
Braxton Key,26.0,DEN,SF,20.0,0.3,0.9,0.5,0.1,0.1,0.3,1.1
Robin Lopez,35.0,MIL,C,16.0,0.1,0.3,0.3,0.1,0.2,0.4,1.1
Admiral Schofield,26.0,ORL,PF,23.0,0.0,0.7,0.3,0.0,0.0,0.4,1.1
Hunter Tyson,23.0,DEN,PF,18.0,0.0,0.5,0.1,0.1,0.0,0.6,1.1
Filip PetruÅ¡ev,23.0,2TM,C,3.0,0.3,0.3,0.0,0.0,0.0,0.3,1.0
Filip PetruÅ¡ev,23.0,PHI,C,1.0,0.0,1.0,0.0,0.0,0.0,0.0,0.0
Filip PetruÅ¡ev,23.0,SAC,C,2.0,0.5,0.0,0.0,0.0,0.0,0.5,1.5
Hamidou Diallo,25.0,WAS,SG,2.0,0.0,1.0,0.5,1.0,0.0,0.5,1.0
Frank Ntilikina,25.0,CHO,PG,5.0,0.4,1.2,0.8,0.0,0.0,0.8,1.0
Joshua Primo,21.0,LAC,SG,2.0,0.0,0.5,0.0,0.0,0.5,0.0,1.0
Thanasis Antetokounmpo,31.0,MIL,PF,34.0,0.0,0.4,0.5,0.2,0.1,0.7,0.9
James Johnson,36.0,IND,PF,9.0,0.2,0.4,0.9,0.6,0.1,1.0,0.9
Charlie Brown Jr.,26.0,NYK,SG,8.0,0.0,0.3,0.0,0.0,0.3,0.6,0.8
DaQuan Jeffries,26.0,NYK,SG,17.0,0.0,0.3,0.3,0.0,0.1,0.1,0.8
Shaquille Harrison,30.0,MEM,SG,3.0,0.0,0.7,0.0,0.0,0.3,0.0,0.7
Quenton Jackson,25.0,IND,PG,3.0,0.7,1.3,0.7,0.3,0.0,0.3,0.7
Wendell Moore Jr.,22.0,MIN,SG,25.0,0.0,0.5,0.2,0.2,0.0,0.2,0.7
Jalen Slawson,24.0,SAC,SF,12.0,0.0,0.6,0.2,0.1,0.1,0.7,0.7
Pat Spencer,27.0,GSW,PG,6.0,0.0,0.7,0.8,0.0,0.0,0.2,0.7
Alondes Williams,24.0,MIA,SG,7.0,0.1,0.1,0.0,0.0,0.1,0.3,0.7
Juan Toscano-Anderson,30.0,SAC,SF,11.0,0.0,1.3,0.4,0.1,0.1,1.0,0.6
Usman Garuba,21.0,GSW,PF,6.0,0.2,1.2,0.2,0.2,0.5,0.3,0.5
E.J. Liddell,23.0,NOP,PF,8.0,0.3,0.6,0.1,0.3,0.3,0.3,0.5
Pete Nance,23.0,CLE,PF,8.0,0.0,0.4,0.0,0.1,0.0,0.3,0.4
Maxwell Lewis,21.0,LAL,SF,34.0,0.1,0.1,0.2,0.1,0.0,0.1,0.3
Ryan Arcidiacono,29.0,NYK,PG,20.0,0.0,0.4,0.2,0.1,0.0,0.3,0.0
Malcolm Cazalon,22.0,DET,SG,1.0,0.0,0.0,0.0,0.0,0.0,0.0,0.0
Jalen Crutcher,24.0,NOP,PG,1.0,0.0,0.0,0.0,0.0,0.0,0.0,0.0
Andrew Funk,24.0,CHI,SG,5.0,0.0,0.0,0.0,0.2,0.2,0.0,0.0
Kaiser Gates,27.0,NOP,SF,1.0,0.0,1.0,0.0,0.0,0.0,0.0,0.0
Danny Green,36.0,PHI,SG,2.0,0.0,1.0,0.5,0.5,0.0,0.5,0.0
Ron Harper Jr.,23.0,TOR,PF,1.0,0.0,0.0,1.0,0.0,0.0,2.0,0.0
Justin Jackson,28.0,MIN,SF,2.0,0.0,0.0,0.0,0.0,0.0,0.0,0.0
Dmytro Skapintsev,25.0,NYK,C,2.0,0.0,0.0,0.0,0.0,0.0,0.0,0.0
Javonte Smart,24.0,PHI,PG,1.0,0.0,0.0,0.0,0.0,0.0,0.0,0.0
League Average,,,,,,,,,,,
